jan,sku,price,code,key1,key2,key3,mode1,mode2,mode3,key4
4547597907672,B02261784,56000,000312214,MacBook,2015年,12インチ,MacBook,MJY32J/A 12インチ,MacBook 1.1GHz デュアルコアIntel Core M Retina 8GB 256GB スペースグレイ,
4547597907696,B02261785,63000,000312215,MacBook,2015年,12インチ,MacBook,MJY42J/A 12インチ,MacBook 1.2GHz デュアルコアIntel Core M Retina 8GB 512GB スペースグレイ,
4547597914731,B02534165,56000,000312210,MacBook,2015年,12インチ,MacBook,MF855J/A 12インチ,MacBook 1.1GHz デュアルコアIntel Core M Retina 8GB 256GB シルバー,
4547597914755,B02261781,63000,000312211,MacBook,2015年,12インチ,MacBook,MF865J/A 12インチ,MacBook 1.2GHz デュアルコアIntel Core M Retina 8GB 512GB シルバー,
4547597914533,B02261782,56000,000312212,MacBook,2015年,12インチ,MacBook,MK4M2J/A 12インチ,MacBook 1.1GHz デュアルコアIntel Core M Retina 8GB 256GB ゴールド,
4547597914557,B02261783,63000,000312213,MacBook,2015年,12インチ,MacBook,MK4N2J/A 12インチ,MacBook 1.2GHz デュアルコアIntel Core M Retina 8GB 512GB ゴールド,
4547597937600,B02261861,62000,000312349,MacBook,2016年,12インチ,MacBook,MLH72J/A 12インチ,MacBook 1.1GHz デュアルコアIntel Core M3 Retina 8GB 256GB スペースグレイ,
4547597937624,B02261862,67000,000312350,MacBook,2016年,12インチ,MacBook,MLH82J/A 12インチ,MacBook 1.2GHz デュアルコアIntel Core M5 Retina 8GB 512GB スペースグレイ,
4547597937662,B02261857,65000,000312345,MacBook,2016年,12インチ,MacBook,MLHA2J/A 12インチ,MacBook 1.1GHz デュアルコアIntel Core M3 Retina 8GB 256GB シルバー,
4547597937686,B02261858,67000,000312346,MacBook,2016年,12インチ,MacBook,MLHC2J/A 12インチ,MacBook 1.2GHz デュアルコアIntel Core M5 Retina 8GB 512GB シルバー,
4547597937723,B02261859,62000,000312347,MacBook,2016年,12インチ,MacBook,MLHE2J/A 12インチ,MacBook 1.1GHz デュアルコアIntel Core M3 Retina 8GB 256GB ゴールド,
4547597937747,B02261860,67000,000312348,MacBook,2016年,12インチ,MacBook,MLHF2J/A 12インチ,MacBook 1.2GHz デュアルコアIntel Core M5 Retina 8GB 512GB ゴールド,
4547597951668,B02261863,62000,000312351,MacBook,2016年,12インチ,MacBook,MMGL2J/A 12インチ,MacBook 1.1GHz デュアルコアIntel Core M3 Retina 8GB 256GB ローズゴールド,
4547597951682,B02261864,69000,000312352,MacBook,2016年,12インチ,MacBook,MMGM2J/A 12インチ,MacBook 1.2GHz デュアルコアIntel Core M5 Retina 8GB 512GB ローズゴールド,
4547597970195,B02323321,69000,100450830,MacBook,2017年,12インチ,MacBook,MNYF2J/A 12インチ,MacBook 1.2GHz デュアルコアIntel Core M3 Retina 8GB 256GB スペースグレイ,
4547597970201,B02323325,84000,100450829,MacBook,2017年,12インチ,MacBook,MNYG2J/A 12インチ,MacBook 1.3GHz デュアルコアIntel Core i5 Retina 8GB 512GB スペースグレイ,
4547597970218,B02323322,69000,100450828,MacBook,2017年,12インチ,MacBook,MNYH2J/A 12インチ,MacBook 1.2GHz デュアルコアIntel Core M3 Retina 8GB 256GB シルバー,
4547597970225,B02323326,84000,100450827,MacBook,2017年,12インチ,MacBook,MNYJ2J/A 12インチ,MacBook 1.3GHz デュアルコアIntel Core i5 Retina 8GB 512GB シルバー,
4549995033311,B02859319,69000,100629940,MacBook,2017年,12インチ,MacBook,MRQN2J/A 12インチ,MacBook 1.2GHz デュアルコアIntel Core M3 Retina 8GB 256GB ゴールド,
4549995033335,B02859318,84000,100629941,MacBook,2017年,12インチ,MacBook,MRQP2J/A 12インチ,MacBook 1.3GHz デュアルコアIntel Core i5 Retina 8GB 512GB ゴールド,
4547597763698,B02261684,19000,000312100,MacBook Air,2011年,11インチ,MacBook Air,MC968J/A 11インチ,MacBook Air 1.6GHz デュアルコアIntel Core i5 2GB 64GB,
4547597763735,B02261685,21000,000312101,MacBook Air,2011年,11インチ,MacBook Air,MC969J/A 11インチ,MacBook Air 1.6GHz デュアルコアIntel Core i5 2GB 128GB,
4547597763681,B02261686,29000,000312102,MacBook Air,2011年,13インチ,MacBook Air,MC965J/A 13インチ,MacBook Air 1.7GHz デュアルコアIntel Core i5 4GB 128GB,
4547597763674,B02261687,34000,000312103,MacBook Air,2011年,13インチ,MacBook Air,MC966J/A 13インチ,MacBook Air 1.7GHz デュアルコアIntel Core i5 4GB 256GB,
4547597808764,B02261704,22000,000312129,MacBook Air,2012年,11インチ,MacBook Air,MD223J/A 11インチ,MacBook Air 1.7GHz デュアルコアIntel Core i5 4GB 64GB,
4547597808788,B02261705,27000,000312130,MacBook Air,2012年,11インチ,MacBook Air,MD224J/A 11インチ,MacBook Air 1.7GHz デュアルコアIntel Core i5 4GB 128GB,
4547597808917,B02261706,35000,000312131,MacBook Air,2012年,13インチ,MacBook Air,MD231J/A 13インチ,MacBook Air 1.8GHz デュアルコアIntel Core i5 4GB 128GB,
4547597808931,B02261707,40000,000312132,MacBook Air,2012年,13インチ,MacBook Air,MD232J/A 13インチ,MacBook Air 1.8GHz デュアルコアIntel Core i5 4GB 256GB,
4547597837375,B02261743,31000,000312171,MacBook Air,2013年,11インチ,MacBook Air,MD711J/A 11インチ,MacBook Air 1.3GHz デュアルコアIntel Core i5 4GB 128GB,
4547597837399,B02261744,39000,000312172,MacBook Air,2013年,11インチ,MacBook Air,MD712J/A 11インチ,MacBook Air 1.3GHz デュアルコアIntel Core i5 4GB 256GB,
4547597837412,B02261745,38000,000312173,MacBook Air,2013年,13インチ,MacBook Air,MD760J/A 13インチ,MacBook Air 1.3GHz デュアルコアIntel Core i5 4GB 128GB,
4547597837436,B02261746,43000,000312174,MacBook Air,2013年,13インチ,MacBook Air,MD761J/A 13インチ,MacBook Air 1.3GHz デュアルコアIntel Core i5 4GB 256GB,
4547597887172,B02261759,33000,000312189,MacBook Air,2014年,11インチ,MacBook Air,MD711J/B 11インチ,MacBook Air 1.4GHz デュアルコアIntel Core i5 4GB 128GB,
4547597887196,B02261760,41000,000312190,MacBook Air,2014年,11インチ,MacBook Air,MD712J/B 11インチ,MacBook Air 1.4GHz デュアルコアIntel Core i5 4GB 256GB,
4547597887219,B02261761,40000,000312191,MacBook Air,2014年,13インチ,MacBook Air,MD760J/B 13インチ,MacBook Air 1.4GHz デュアルコアIntel Core i5 4GB 128GB,
4547597887233,B02261762,45000,000312192,MacBook Air,2014年,13インチ,MacBook Air,MD761J/B 13インチ,MacBook Air 1.4GHz デュアルコアIntel Core i5 4GB 256GB,
4547597917558,B02261775,44000,000312205,MacBook Air,2015年,13インチ,MacBook Air,MJVE2J/A 13インチ,MacBook Air 1.6GHz デュアルコアIntel Core i5 4GB 128GB,
4547597917572,B02261776,50000,000312206,MacBook Air,2015年,13インチ,MacBook Air,MJVG2J/A 13インチ,MacBook Air 1.6GHz デュアルコアIntel Core i5 4GB 256GB,
4547597951439,B02261865,52000,000312353,MacBook Air,2016年,13インチ,MacBook Air,MMGF2J/A 13インチ,MacBook Air 1.6GHz デュアルコアIntel Core i5 8GB 128GB,
4547597951453,B02261866,56000,000312354,MacBook Air,2016年,13インチ,MacBook Air,MMGG2J/A 13インチ,MacBook Air 1.6GHz デュアルコアIntel Core i5 8GB 256GB,
4547597993071,B02323329,53000,100450757,MacBook Air,2017年,13インチ,MacBook Air,MQD32J/A 13インチ,MacBook Air 1.8GHz デュアルコアIntel Core i5 8GB 128GB,
4547597993088,B02323330,73000,100450756,MacBook Air,2017年,13インチ,MacBook Air,MQD42J/A 13インチ,MacBook Air 1.8GHz デュアルコアIntel Core i5 8GB 256GB,
4549995027822,B02859325,66000,100629934,MacBook Air,2018年,13インチ,MacBook Air,MRE82J/A 13インチ,MacBook Air Retina 1.6GHz デュアルコアIntel Core i5 8GB 128GB スペースグレイ,
4549995027846,B02859324,80000,100629935,MacBook Air,2018年,13インチ,MacBook Air,MRE92J/A 13インチ,MacBook Air Retina 1.6GHz デュアルコアIntel Core i5 8GB 256GB スペースグレイ,
4549995027860,B02859323,66000,100629936,MacBook Air,2018年,13インチ,MacBook Air,MREA2J/A 13インチ,MacBook Air Retina 1.6GHz デュアルコアIntel Core i5 8GB 128GB シルバー,
4549995027884,B02859322,80000,100629937,MacBook Air,2018年,13インチ,MacBook Air,MREC2J/A 13インチ,MacBook Air Retina 1.6GHz デュアルコアIntel Core i5 8GB 256GB シルバー,
4549995027907,B02859321,66000,100629938,MacBook Air,2018年,13インチ,MacBook Air,MREE2J/A 13インチ,MacBook Air Retina 1.6GHz デュアルコアIntel Core i5 8GB 128GB ゴールド,
4549995027921,B02859320,80000,100629939,MacBook Air,2018年,13インチ,MacBook Air,MREF2J/A 13インチ,MacBook Air Retina 1.6GHz デュアルコアIntel Core i5 8GB 256GB ゴールド,
4547597794142,B02261696,32000,000312115,MacBook Pro,2011年,17インチ,MacBook Pro,MD311J/A 17インチ,MacBook Pro 2.4GHz クアッドコアIntel Core i7 4GB 750GB,
4547597806081,B02262142,41000,000312154,MacBook Pro,2012年,13インチ,MacBook Pro,MD212J/A 13インチ,MacBook Pro Retina 2.5GHz デュアルコアIntel Core i5 8GB 128GB,
4547597806098,B02262143,43000,000312155,MacBook Pro,2012年,13インチ,MacBook Pro,MD213J/A 13インチ,MacBook Pro Retina 2.5GHz デュアルコアIntel Core i5 8GB 256GB,
4547597806203,B02262130,34000,000312133,MacBook Pro,2012年,13インチ,MacBook Pro,MD101J/A 13インチ,MacBook Pro 2.5GHz デュアルコアIntel Core i5 4GB 500GB,
4547597806227,B02262131,39000,000312134,MacBook Pro,2012年,13インチ,MacBook Pro,MD102J/A 13インチ,MacBook Pro 2.9GHz デュアルコアIntel Core i7 8GB 750GB,
4547597806104,B02262134,44000,000312137,MacBook Pro,2012年,15インチ,MacBook Pro,MC975J/A 15インチ,MacBook Pro Retina 2.3GHz クアッドコアIntel Core i7 8GB 256GB,
4547597806111,B02262135,47000,000312138,MacBook Pro,2012年,15インチ,MacBook Pro,MC976J/A 15インチ,MacBook Pro Retina 2.6GHz クアッドコアIntel Core i7 8GB 512GB,
4547597805299,B02262132,40000,000312135,MacBook Pro,2012年,15インチ,MacBook Pro,MD103J/A 15インチ,MacBook Pro 2.3GHz クアッドコアIntel Core i7 4GB 500GB,
4547597805947,B02262133,46000,000312136,MacBook Pro,2012年,15インチ,MacBook Pro,MD104J/A 15インチ,MacBook Pro 2.6GHz クアッドコアIntel Core i7 8GB 750GB,
4547597864845,B02262638,42000,000312179,MacBook Pro,2013年,13インチ,MacBook Pro,ME864J/A 13インチ,MacBook Pro Retina 2.4GHz デュアルコアIntel Core i5 4GB 128GB,
4547597864852,B02262639,51000,000312180,MacBook Pro,2013年,13インチ,MacBook Pro,ME865J/A 13インチ,MacBook Pro Retina 2.4GHz デュアルコアIntel Core i5 8GB 256GB,
4547597864869,B02262640,59000,000312181,MacBook Pro,2013年,13インチ,MacBook Pro,ME866J/A 13インチ,MacBook Pro Retina 2.6GHz デュアルコアIntel Core i5 8GB 512GB,
4547597806081,B02262142,41000,000312154,MacBook Pro,2013年,13インチ,MacBook Pro,MD212J/A 13インチ,MacBook Pro Retina 2.5GHz デュアルコアIntel Core i5 8GB 128GB,
4547597843468,B02262635,48000,000312168,MacBook Pro,2013年,13インチ,MacBook Pro,ME662J/A 13インチ,MacBook Pro Retina 2.6GHz デュアルコアIntel Core i5 16GB 256GB,
4547597867020,B02262641,52000,000312182,MacBook Pro,2013年,15インチ,MacBook Pro,ME293J/A 15インチ,MacBook Pro Retina 2.0GHz クアッドコアIntel Core i7 8GB 256GB,
4547597867037,B02262642,66000,000312183,MacBook Pro,2013年,15インチ,MacBook Pro,ME294J/A 15インチ,MacBook Pro Retina 2.3GHz クアッドコアIntel Core i7 16GB 512GB,
4547597843505,B02262636,52000,000312169,MacBook Pro,2013年,15インチ,MacBook Pro,ME664J/A 15インチ,MacBook Pro Retina 2.4GHz クアッドコアIntel Core i7 8GB 256GB,
4547597843529,B02262637,71000,000312170,MacBook Pro,2013年,15インチ,MacBook Pro,ME665J/A 15インチ,MacBook Pro Retina 2.7GHz クアッドコアIntel Core i7 16GB 512GB,
4547597894286,B02261764,53000,000312194,MacBook Pro,2014年,13インチ,MacBook Pro,MGX72J/A 13インチ,MacBook Pro Retina 2.6GHz デュアルコアIntel Core i5 8GB 128GB,
4547597894293,B02261765,59000,000312195,MacBook Pro,2014年,13インチ,MacBook Pro,MGX82J/A 13インチ,MacBook Pro Retina 2.6GHz デュアルコアIntel Core i5 8GB 256GB,
4547597894309,B02261766,68000,000312196,MacBook Pro,2014年,13インチ,MacBook Pro,MGX92J/A 13インチ,MacBook Pro Retina 2.8GHz デュアルコアIntel Core i5 8GB 512GB,
4547597894316,B02262646,63000,000312197,MacBook Pro,2014年,15インチ,MacBook Pro,MGXA2J/A 15インチ,MacBook Pro Retina 2.2GHz クアッドコアIntel Core i7 16GB 256GB,
4547597894323,B02262647,90000,000312198,MacBook Pro,2014年,15インチ,MacBook Pro,MGXC2J/A 15インチ,MacBook Pro Retina 2.5GHz クアッドコアIntel Core i7 16GB 512GB,
4547597886717,B02261777,59000,000312207,MacBook Pro,2015年,13インチ,MacBook Pro,MF839J/A 13インチ,MacBook Pro 2.7GHz デュアルコアIntel Core i5 8GB 128GB,
4547597886731,B02261778,62000,000312208,MacBook Pro,2015年,13インチ,MacBook Pro,MF840J/A 13インチ,MacBook Pro 2.7GHz デュアルコアIntel Core i5 8GB 256GB,
4547597886755,B02261779,72000,000312209,MacBook Pro,2015年,13インチ,MacBook Pro,MF841J/A 13インチ,MacBook Pro 2.9GHz デュアルコアIntel Core i5 8GB 512GB,
4547597900437,B02261787,86000,000312217,MacBook Pro,2015年,15インチ,MacBook Pro,MJLQ2J/A 15インチ,MacBook Pro Retina 2.2GHz クアッドコアIntel Core i7 16GB 256GB,
4547597900451,B02261788,102000,000312218,MacBook Pro,2015年,15インチ,MacBook Pro,MJLT2J/A 15インチ,MacBook Pro Retina 2.5GHz クアッドコアIntel Core i7 16GB 512GB,
4547597948514,B02261868,75000,000312355,MacBook Pro,2016年,13インチ,MacBook Pro,MLL42J/A 13インチ,MacBook Pro Retina 2.0GHz デュアルコアIntel Core i5 8GB 256GB スペースグレイ,
4547597948538,B02261869,74000,000312356,MacBook Pro,2016年,13インチ,MacBook Pro,MLUQ2J/A 13インチ,MacBook Pro Retina 2.0GHz デュアルコアIntel Core i5 8GB 256GB シルバー,
4547597956816,B02261870,88000,000312357,MacBook Pro,2016年,13インチ,MacBook Pro,MLH12J/A 13インチ,MacBook Pro Retina 2.9GHz デュアルコアIntel Core i5 8GB 256GB Touch Bar スペースグレイ,
4547597966730,B02261872,91000,000312359,MacBook Pro,2016年,13インチ,MacBook Pro,MNQF2J/A 13インチ,MacBook Pro Retina 2.9GHz デュアルコアIntel Core i5 8GB 512GB Touch Bar スペースグレイ,
4547597956830,B02261871,88000,000312358,MacBook Pro,2016年,13インチ,MacBook Pro,MLVP2J/A 13インチ,MacBook Pro Retina 2.9GHz デュアルコアIntel Core i5 8GB 256GB Touch Bar シルバー,
4547597966778,B02261873,91000,000312360,MacBook Pro,2016年,13インチ,MacBook Pro,MNQG2J/A 13インチ,MacBook Pro Retina 2.9GHz デュアルコアIntel Core i5 8GB 512GB Touch Bar シルバー,
4547597956694,B02261874,112000,000312361,MacBook Pro,2016年,15インチ,MacBook Pro,MLH32J/A 15インチ,MacBook Pro Retina 2.6GHz クアッドコアIntel Core i7 16GB 256GB Touch Bar スペースグレイ,
4547597956717,B02261876,127000,000312363,MacBook Pro,2016年,15インチ,MacBook Pro,MLH42J/A 15インチ,MacBook Pro Retina 2.7GHz クアッドコアIntel Core i7 16GB 512GB Touch Bar スペースグレイ,
4547597956731,B02261875,112000,000312362,MacBook Pro,2016年,15インチ,MacBook Pro,MLW72J/A 15インチ,MacBook Pro Retina 2.6GHz クアッドコアIntel Core i7 16GB 256GB Touch Bar シルバー,
4547597956755,B02261877,127000,000312364,MacBook Pro,2016年,15インチ,MacBook Pro,MLW82J/A 15インチ,MacBook Pro Retina 2.7GHz クアッドコアIntel Core i7 16GB 512GB Touch Bar シルバー,
4547597986172,B02323331,73000,100450805,MacBook Pro,2017年,13インチ,MacBook Pro,MPXQ2J/A 13インチ,MacBook Pro Retina 2.3GHz デュアルコアIntel Core i5 8GB 128GB スペースグレイ,
4547597986219,B02323333,79000,100450803,MacBook Pro,2017年,13インチ,MacBook Pro,MPXT2J/A 13インチ,MacBook Pro Retina 2.3GHz デュアルコアIntel Core i5 8GB 256GB スペースグレイ,
4547597986196,B02323332,73000,100450804,MacBook Pro,2017年,13インチ,MacBook Pro,MPXR2J/A 13インチ,MacBook Pro Retina 2.3GHz デュアルコアIntel Core i5 8GB 128GB シルバー,
4547597986233,B02323334,79000,100450802,MacBook Pro,2017年,13インチ,MacBook Pro,MPXU2J/A 13インチ,MacBook Pro Retina 2.3GHz デュアルコアIntel Core i5 8GB 256GB シルバー,
4547597986257,B02323335,94000,100450801,MacBook Pro,2017年,13インチ,MacBook Pro,MPXV2J/A 13インチ,MacBook Pro Retina 3.1GHz デュアルコアIntel Core i5 8GB 256GB Touch Bar スペースグレイ,
4547597986271,B02323337,102000,100450800,MacBook Pro,2017年,13インチ,MacBook Pro,MPXW2J/A 13インチ,MacBook Pro Retina 3.1GHz デュアルコアIntel Core i5 8GB 512GB Touch Bar スペースグレイ,
4547597986295,B02323336,94000,100450799,MacBook Pro,2017年,13インチ,MacBook Pro,MPXX2J/A 13インチ,MacBook Pro Retina 3.1GHz デュアルコアIntel Core i5 8GB 256GB Touch Bar シルバー,
4547597986318,B02323338,102000,100450798,MacBook Pro,2017年,13インチ,MacBook Pro,MPXY2J/A 13インチ,MacBook Pro Retina 3.1GHz デュアルコアIntel Core i5 8GB 512GB Touch Bar シルバー,
4547597984024,B02323339,124000,100450810,MacBook Pro,2017年,15インチ,MacBook Pro,MPTR2J/A 15インチ,MacBook Pro Retina 2.8GHz クアッドコアIntel Core i7 16GB 256GB Touch Bar スペースグレイ,
4547597984031,B02323341,145000,100450809,MacBook Pro,2017年,15インチ,MacBook Pro,MPTT2J/A 15インチ,MacBook Pro Retina 2.9GHz クアッドコアIntel Core i7 16GB 512GB Touch Bar スペースグレイ,
4547597984048,B02323340,124000,100450808,MacBook Pro,2017年,15インチ,MacBook Pro,MPTU2J/A 15インチ,MacBook Pro Retina 2.8GHz クアッドコアIntel Core i7 16GB 256GB Touch Bar シルバー,
4547597984055,B02323342,145000,100450807,MacBook Pro,2017年,15インチ,MacBook Pro,MPTV2J/A 15インチ,MacBook Pro Retina 2.9GHz クアッドコアIntel Core i7 16GB 512GB Touch Bar シルバー,
4549995028485,B02693561,105000,100608449,MacBook Pro,2018年,13インチ,MacBook Pro,MR9Q2J/A 13インチ,MacBook Pro Retina 2.3GHz クアットコアIntel Core i5 8GB 256GB Touch Bar スペースグレイ,
4549995028508,B02693563,118000,100608450,MacBook Pro,2018年,13インチ,MacBook Pro,MR9R2J/A 13インチ,MacBook Pro Retina 2.3GHz クアットコアIntel Core i5 8GB 512GB Touch Bar スペースグレイ,
4549995028546,B02693562,105000,100608451,MacBook Pro,2018年,13インチ,MacBook Pro,MR9U2J/A 13インチ,MacBook Pro Retina 2.3GHz クアットコアIntel Core i5 8GB 256GB Touch Bar シルバー,
4549995028560,B02693564,118000,100608452,MacBook Pro,2018年,13インチ,MacBook Pro,MR9V2J/A 13インチ,MacBook Pro Retina 2.3GHz クアットコアIntel Core i5 8GB 512GB Touch Bar シルバー,
4549995028300,B02693565,145000,100608445,MacBook Pro,2018年,15インチ,MacBook Pro,MR932J/A 15インチ,MacBook Pro Retina 2.2GHz 6コアIntel Core i7 16GB 256GB Touch Bar スペースグレイ,
4549995028324,B02693567,165000,100608446,MacBook Pro,2018年,15インチ,MacBook Pro,MR942J/A 15インチ,MacBook Pro Retina 2.6GHz 6コアIntel Core i7 16GB 512GB Touch Bar スペースグレイ,
4549995028362,B02693566,145000,100608447,MacBook Pro,2018年,15インチ,MacBook Pro,MR962J/A 15インチ,MacBook Pro Retina 2.2GHz 6コアIntel Core i7 16GB 256GB Touch Bar シルバー,
4549995028386,B02693568,165000,100608448,MacBook Pro,2018年,15インチ,MacBook Pro,MR972J/A 15インチ,MacBook Pro Retina 2.6GHz 6コアIntel Core i7 16GB 512GB Touch Bar シルバー,
4549995072167,B03421652,122000,100665176,MacBook Pro,2019年,13インチ,MacBook Pro,MV962J/A 13インチ,MacBook Pro Retina 2.4GHz クアットコアIntel Core i5 8GB 256GB Touch Bar スペースグレイ,
4549995072204,B03421654,136000,100665172,MacBook Pro,2019年,13インチ,MacBook Pro,MV972J/A 13インチ,MacBook Pro Retina 2.4GHz クアットコアIntel Core i5 8GB 512GB Touch Bar スペースグレイ,
4549995072280,B03421653,122000,100665166,MacBook Pro,2019年,13インチ,MacBook Pro,MV992J/A 13インチ,MacBook Pro Retina 2.4GHz クアットコアIntel Core i5 8GB 256GB Touch Bar シルバー,
4549995072327,B03421655,136000,100665162,MacBook Pro,2019年,13インチ,MacBook Pro,MV9A2J/A 13インチ,MacBook Pro Retina 2.4GHz クアットコアIntel Core i5 8GB 512GB Touch Bar シルバー,
4549995072174,B03421660,157000,100665175,MacBook Pro,2019年,15インチ,MacBook Pro,MV902J/A 15インチ,MacBook Pro Retina 2.6GHz 6コアIntel Core i7 16GB 256GB Touch Bar スペースグレイ,
4549995072211,B03421662,178000,100665171,MacBook Pro,2019年,15インチ,MacBook Pro,MV912J/A 15インチ,MacBook Pro Retina 2.3GHz 6コアIntel Core i7 16GB 512GB Touch Bar スペースグレイ,

